<?xml version="1.0"?>
<extension key="org.civicrm.mssearch" type="module">
  <file>mssearch</file>
  <name>MSsearch</name>
  <description>Enhanced Membership search</description>
  <license>AGPL-3.0</license>
  <maintainer>
    <author>Kashif Malak</author>
    <email>kashifmalak@gmail.com</email>
  </maintainer>
  <urls>
    <url desc="Main Extension Page">http://civicrm.org/enhanced-search</url>
    <url desc="Documentation">http://civicrm.org/enhanced-search</url>
    <url desc="Support">http://civicrm.org/enhanced-search</url>
    <url desc="Licensing">http://www.gnu.org/licenses/agpl-3.0.html</url>
  </urls>
  <releaseDate>2016-10-10</releaseDate>
  <version>1.0</version>
  <develStage>alpha</develStage>
  <compatibility>
    <ver>4.2</ver>
  </compatibility>
  <comments>This is a new, undeveloped module</comments>
  <civix>
    <namespace>CRM/Mssearch</namespace>
  </civix>
</extension>
